text_,label_
This product is absolutely amazing! Best purchase I've ever made.,OR
Terrible quality. Broke after one day. Complete waste of money.,OR
Buy this now!!! Amazing deal!! 5 stars!!! Must have!!!,CG
"Good product overall, does what it says. Shipping was fast.",OR
BEST PRODUCT EVER!!! Changed my life!!! Order immediately!!!,CG
Average product. Nothing special but works as expected.,OR
I love love love this product! Buy it now you won't regret!!,CG
Decent build quality. Had a minor issue but support was helpful.,OR
DO NOT BUY. Scam product. Fake reviews everywhere on this page.,OR
Works perfectly for my needs. Would recommend to friends.,OR
